{
  "project_info": {
    "project_number": "557985059274",
    "project_id": "login1-74cd6",
    "storage_bucket": "login1-74cd6.appspot.com"
  },
  "client": [
    {
      "client_info": {
        "mobilesdk_app_id": "1:557985059274:android:7e0b058f76eed9499ebf33",
        "android_client_info": {
          "package_name": "com.example.login"
        }
      },
      "oauth_client": [],
      "api_key": [
        {
          "current_key": "AIzaSyCo3WrFBdGdvosUztyqjHs0XM6KnJD4JW4"
        }
      ],
      "services": {
        "appinvite_service": {
          "other_platform_oauth_client": []
        }
      }
    }
  ],
  "configuration_version": "1"
}